<root>
	<blitz>
		<smallIconPath>~res:/Gfx/UI/BattleScreenHUD/SmallTankIcons/other-AMX_Dracula</smallIconPath>
		<bigIconPath>~res:/Gfx/UI/BigTankIcons/other-AMX_Dracula</bigIconPath>
		<blitzModelPath>Tanks/Other/AMX_Dracula.sc2</blitzModelPath>
		<blitzDestructedModelPath>Tanks/Other/AMX_Dracula_crash.sc2</blitzDestructedModelPath>
		<engineSoundPC>tanks/pc/engine/usa/mt</engineSoundPC>
		<engineSoundNPC>tanks/npc/engine/usa/mt</engineSoundNPC>
		<smokeEffectPath>FX/smoke_tank_type_black_new.sc2</smokeEffectPath>
		<fireEffectPathAlive>FX/SmokeFire_tank_movement_new.sc2</fireEffectPathAlive>
		<fireEffectPathDead>FX/Fire_and_Smoke.sc2</fireEffectPathDead>
		<collisionMesh>CollisionMeshes/other-AMX_dracula.sc2</collisionMesh>
		<enableReflection>false</enableReflection>
	</blitz>
	<crew>
		<commander>radioman</commander>
		<gunner/>
		<driver/>
		<loader/>
	</crew>
	<speedLimits>
		<forward>65</forward>
		<backward>20</backward>
	</speedLimits>
	<invisibility>
		<camouflageNetBonus>0.1</camouflageNetBonus>
		</invisibility>
	<repairCost>5.7</repairCost>
	<crewXpFactor>1.0</crewXpFactor>
	<effects>
		<damagedStateGroup>large</damagedStateGroup>
		<destruction>mediumDestruction</destruction>
		<explosion>DraculaExplosion</explosion>
		<flaming>mediumFlaming</flaming>
		<collision/>
	</effects>
	<horns>
		<priceFactor>1</priceFactor>
		<distanceFactor>1</distanceFactor>
		<volumeFactor>1</volumeFactor>
	</horns>
	<emblems>
		<default>germany_cross</default>
		<lodDist>MEDIUM</lodDist>
		<alpha>0.86</alpha>
	</emblems>
	<camouflage>
		<priceFactor>1.6</priceFactor>
		<tiling>1 1 0.000000 0.000000</tiling>
		<exclusionMask/>
	</camouflage>
	<hull>
		<blitz>
			<averageThickness>
				<turret_01>42.501221</turret_01>
			</averageThickness>
			<blitzPartName>hull</blitzPartName>
			<bbox>
				<min>-1.734544 -3.162113 0.330597</min>
				<max>1.734590 3.168951 1.480322</max>
			</bbox>
			<points>
				<normal>0.003428 0.004287 -0.000128</normal>
				<crash>0.060830 0.004287 -0.002742</crash>
			</points>
		</blitz>
		<armor>
			<armor_1>30</armor_1>
			<armor_2>30</armor_2>
			<armor_3>20</armor_3>
			<armor_4>20</armor_4>
			<armor_5>30</armor_5>
			<armor_6>10</armor_6>
			<armor_7>0</armor_7>
			<armor_8>10</armor_8>
			<armor_9>10</armor_9>
			<armor_10>30</armor_10>
			<armor_11>10</armor_11>
			<armor_16>5<vehicleDamageFactor>0.0</vehicleDamageFactor>
			</armor_16>
		</armor>
		<primaryArmor>armor_1 armor_3 armor_4</primaryArmor>
		<weight>17145</weight>
		<maxHealth>1000</maxHealth>
		<ammoBayHealth>
			<maxHealth>240</maxHealth>
			<maxRegenHealth>160</maxRegenHealth>
			<repairCost>1.0</repairCost>
			</ammoBayHealth>
		<models>
			<undamaged>vehicles/other/AMX_dracula/normal/lod0/Hull.model</undamaged>
			<destroyed>vehicles/other/AMX_dracula/crash/lod0/Hull.model</destroyed>
			<exploded>vehicles/other/AMX_dracula/crash/lod0/Hull.model</exploded>
		</models>
		<swinging>
			<lodDist>FAR</lodDist>
			<pitchParams>0.28 34.00 0.42 1.00 0.05 0.30</pitchParams>
			<rollParams>1.00 0.28 34.00 0.42 1.00 0.05 0.30</rollParams>
			<sensitivityToImpulse>0.59</sensitivityToImpulse>
		</swinging>
		<exhaust>
			<pixie>gas_large</pixie>
			<nodes/>
		</exhaust>
		<turretPositions>
			<turret>0.000000 1.4105 0.7639</turret>
		</turretPositions>
		<hitTester>
			<collisionModel>vehicles/other/AMX_dracula/collision/Hull.model</collisionModel>
		</hitTester>
		<emblemSlots>
			<clan>
				<rayStart>-0.466219 -0.153001 3.09408</rayStart>
				<rayEnd>-0.466219 -0.310661 2.97103</rayEnd>
				<rayUp>0.000000 0.000000 -1</rayUp>
				<size>0.28</size>
				<hideIfDamaged>true</hideIfDamaged>
			</clan>
		</emblemSlots>
		<camouflage>
			<tiling>1.84 1.84 0.000000 0.000000</tiling>
		</camouflage>
	</hull>
	<chassis>
		<Chassis_Dracula>
			<blitz>
				<blitzPartName>chassis</blitzPartName>
				<bbox>
					<min>-1.381250 -2.977308 0.006442</min>
					<max>1.381250 3.043558 1.293400</max>
				</bbox>
				<points>
					<normal>-0.000000 0.006256 -0.007092</normal>
					<crash>0.000000 0.000000 0.000000</crash>
				</points>
				<soundPC>tanks/pc/treads/mt</soundPC>
				<soundNPC>tanks/npc/treads/mt</soundNPC>
			</blitz>
			<userString>#other_vehicles:Chassis_Dracula</userString>
			<tags/>
			<level>7</level>
			<price>0</price>
			<notInShop>true</notInShop>
			<armor>
				<leftTrack>20</leftTrack>
				<rightTrack>20</rightTrack>
			</armor>
			<weight>7000</weight>
			<maxLoad>37800</maxLoad>
			<terrainResistance>1 1.1 1.5</terrainResistance>
			<brakeForce>38000</brakeForce>
			<rotationIsAroundCenter>true</rotationIsAroundCenter>
			<rotationSpeed>50</rotationSpeed>
			<shotDispersionFactors>
				<vehicleMovement>0.12</vehicleMovement>
				<vehicleRotation>0.12</vehicleRotation>
			</shotDispersionFactors>
			<bulkHealthFactor>3.0</bulkHealthFactor>
			<maxHealth>240</maxHealth>
			<maxRegenHealth>180</maxRegenHealth>
			<repairCost>7.5</repairCost>
			<models>
				<undamaged>vehicles/other/AMX_dracula/normal/lod0/Chassis.model</undamaged>
				<destroyed>vehicles/other/AMX_dracula/crash/lod0/Chassis.model</destroyed>
				<exploded>vehicles/other/AMX_dracula/crash/lod0/Chassis.model</exploded>
			</models>
			<traces>
				<lodDist>FAR</lodDist>
				<bufferPrefs>largeTank</bufferPrefs>
				<textureSet>ussr_01</textureSet>
				<size>0.5 0.46</size>
			</traces>
			<tracks>
				<lodDist>MEDIUM_TRACK</lodDist>
				<leftMaterial>track_mat_L_skinned</leftMaterial>
				<rightMaterial>track_mat_R_skinned</rightMaterial>
				<textureScale>-2.35</textureScale>
			</tracks>
			<wheels>
				<lodDist>MEDIUM</lodDist>
				<wheel>
					<isLeft>false</isLeft>
					<name>WD_R4</name>
					<radius>0.450174</radius>
				</wheel>
				<wheel>
					<isLeft>true</isLeft>
					<name>WD_L4</name>
					<radius>0.450174</radius>
				</wheel>
				<wheel>
					<isLeft>false</isLeft>
					<name>WD_R0</name>
					<radius>0.5</radius>
				</wheel>
				<wheel>
					<isLeft>true</isLeft>
					<name>WD_L0</name>
					<radius>0.5</radius>
				</wheel>
				<group>
					<isLeft>false</isLeft>
					<template>WD_R</template>
					<radius>0.15</radius>
					<startIndex>1</startIndex>
					<count>3</count>
				</group>
				<group>
					<isLeft>false</isLeft>
					<template>W_R</template>
					<radius>0.5</radius>
					<startIndex>0</startIndex>
					<count>5</count>
				</group>
				<group>
					<isLeft>true</isLeft>
					<template>WD_L</template>
					<radius>0.15</radius>
					<startIndex>1</startIndex>
					<count>3</count>
				</group>
				<group>
					<isLeft>true</isLeft>
					<template>W_L</template>
					<radius>0.5</radius>
					<startIndex>0</startIndex>
					<count>5</count>
				</group>
			</wheels>
			<drivingWheels>WD_L0 WD_L4</drivingWheels>
			<effects>
				<lodDist>MEDIUM</lodDist>
				<dust>largeTankDust</dust>
				<mud>largeTankMud</mud>
			</effects>
			<wwsoundPC>trds_chf_pc</wwsoundPC>
			<wwsoundNPC>trds_chf_npc</wwsoundNPC>
			<hullPosition>0.000000 0.000000 0.000000</hullPosition>
			<hitTester>
				<collisionModel>vehicles/other/AMX_dracula/collision/Chassis.model</collisionModel>
			</hitTester>
			<topRightCarryingPoint>1.425 2.08044</topRightCarryingPoint>
			<maxClimbAngle>25</maxClimbAngle>
			<navmeshGirth>6.0</navmeshGirth>
			<groundNodes>
				<group>
					<template>Track_L</template>
					<startIndex>0</startIndex>
					<count>4</count>
					<isLeft>true</isLeft>
					<minOffset>-0.1</minOffset>
					<maxOffset>0.07</maxOffset>
				</group>
				<group>
					<template>Track_L</template>
					<startIndex>4</startIndex>
					<count>1</count>
					<isLeft>true</isLeft>
					<minOffset>-0.1</minOffset>
					<maxOffset>0.0448718</maxOffset>
				</group>
				<group>
					<template>Track_R</template>
					<startIndex>0</startIndex>
					<count>4</count>
					<isLeft>false</isLeft>
					<minOffset>-0.1</minOffset>
					<maxOffset>0.07</maxOffset>
				</group>
				<group>
					<template>Track_R</template>
					<startIndex>4</startIndex>
					<count>1</count>
					<isLeft>false</isLeft>
					<minOffset>-0.1</minOffset>
					<maxOffset>0.0448718</maxOffset>
				</group>
			</groundNodes>
			<trackThickness>-0.0219</trackThickness>
			<trackNodes>
				<enable>true</enable>
				<linkBones>false</linkBones>
				<maxAmplitude>0.015</maxAmplitude>
				<maxOffset>0.01</maxOffset>
				<gravity>-9</gravity>
				<elasticity>1035</elasticity>
				<damping>2</damping>
				<forwardElastK>1</forwardElastK>
				<backwardElastK>1</backwardElastK>
				<offset>0.000000</offset>
				<node>
					<isLeft>true</isLeft>
					<name>Track_VD_L0</name>
					<forwardElastK>0.6</forwardElastK>
					<backwardElastK>1.5</backwardElastK>
				</node>
				<node>
					<isLeft>false</isLeft>
					<name>Track_VD_R0</name>
					<forwardElastK>0.6</forwardElastK>
					<backwardElastK>1.5</backwardElastK>
				</node>
				<node>
					<isLeft>true</isLeft>
					<name>Track_VD_L1</name>
					<forwardElastK>1</forwardElastK>
					<backwardElastK>0.61</backwardElastK>
				</node>
				<node>
					<isLeft>false</isLeft>
					<name>Track_VD_R1</name>
					<forwardElastK>1</forwardElastK>
					<backwardElastK>0.61</backwardElastK>
				</node>
				<node>
					<isLeft>false</isLeft>
					<name>Track_VT_R0</name>
					<forwardElastK>0.85</forwardElastK>
					<backwardElastK>1.6</backwardElastK>
				</node>
				<node>
					<isLeft>false</isLeft>
					<name>Track_VT_R1</name>
					<forwardElastK>0.83</forwardElastK>
					<backwardElastK>2</backwardElastK>
				</node>
				<node>
					<isLeft>false</isLeft>
					<name>Track_VT_R2</name>
					<forwardElastK>0.8</forwardElastK>
					<backwardElastK>2.5</backwardElastK>
				</node>
				<node>
					<isLeft>false</isLeft>
					<name>Track_VT_R3</name>
					<forwardElastK>0.8</forwardElastK>
					<backwardElastK>3</backwardElastK>
				</node>
				<node>
					<isLeft>true</isLeft>
					<name>Track_VT_L0</name>
					<forwardElastK>0.85</forwardElastK>
					<backwardElastK>1.6</backwardElastK>
				</node>
				<node>
					<isLeft>true</isLeft>
					<name>Track_VT_L1</name>
					<forwardElastK>0.83</forwardElastK>
					<backwardElastK>2</backwardElastK>
				</node>
				<node>
					<isLeft>true</isLeft>
					<name>Track_VT_L2</name>
					<forwardElastK>0.8</forwardElastK>
					<backwardElastK>2.5</backwardElastK>
				</node>
				<node>
					<isLeft>true</isLeft>
					<name>Track_VT_L3</name>
					<forwardElastK>0.8</forwardElastK>
					<backwardElastK>3</backwardElastK>
				</node>
			</trackNodes>
			<AODecals>
				<decal>
					<transform>
						<row0>4.63741 -0.000000 -0.000000</row0>
						<row1>-0.000000 1.95751 0.000000</row1>
						<row2>0.000000 0.000000 7.90567</row2>
						<row3>-0.000000 0.000000 0.000000</row3>
					</transform>
				</decal>
			</AODecals>
		</Chassis_Dracula>
	</chassis>
	<turrets0>
		<Turret_1_Dracula>
			<blitz>
				<blitzPartName>turret_01</blitzPartName>
				<bbox>
					<min>-0.995529 -2.466802 -0.705714</min>
					<max>0.995528 1.330651 0.932116</max>
				</bbox>
				<points>
					<normal>-0.000000 -0.755481 -1.414253</normal>
					<crash>-0.036355 -0.739346 -1.425759</crash>
				</points>
			</blitz>
			<userString>#other_vehicles:Turret_1_Dracula</userString>
			<tags/>
			<level>7</level>
			<price>0</price>
			<notInShop>true</notInShop>
			<armor>
				<armor_1>30</armor_1>
				<armor_2>30</armor_2>
				<armor_3>20</armor_3>
				<armor_4>20</armor_4>
				<armor_5>10</armor_5>
				<armor_6>15</armor_6>
				<armor_7>0</armor_7>
				<armor_8>20</armor_8>
				<armor_10>10</armor_10>
				<armor_11>20</armor_11>
				<armor_12>30</armor_12>
				<armor_13>20</armor_13>
				<armor_14>10</armor_14>
				<armor_15>5<vehicleDamageFactor>0.0</vehicleDamageFactor>
				</armor_15>
			</armor>
			<primaryArmor>armor_1 armor_3 armor_4</primaryArmor>
			<weight>6000</weight>
			<maxHealth>250</maxHealth>
			<rotationSpeed>48</rotationSpeed>
			<turretRotatorHealth>
				<maxHealth>100</maxHealth>
				<maxRegenHealth>50</maxRegenHealth>
				<repairCost>1.0</repairCost>
				</turretRotatorHealth>
			<circularVisionRadius>250</circularVisionRadius>
			<surveyingDeviceHealth>
				<maxHealth>100</maxHealth>
				<maxRegenHealth>50</maxRegenHealth>
				<repairCost>1.0</repairCost>
				</surveyingDeviceHealth>
			<guns>
				<_90mm_Phantom>shared<blitz>
						<blitzPartName>gun_01</blitzPartName>
						<bbox>
							<min>-0.386816 -0.973077 -0.310019</min>
							<max>0.386816 4.472322 0.311996</max>
						</bbox>
						<points>
							<normal>-0.000747 -1.776110 -1.773093</normal>
							<crash>0.001270 -1.776110 -1.775110</crash>
						</points>
					</blitz>
					<maxAmmo>90</maxAmmo>
					<pitchLimits>-20 10</pitchLimits>
					<armor>
						<armor_1>30<vehicleDamageFactor>0.0</vehicleDamageFactor>
						</armor_1>
						<armor_2>70<vehicleDamageFactor>0.0</vehicleDamageFactor>
						</armor_2>
						<armor_3>0<vehicleDamageFactor>0.0</vehicleDamageFactor>
						</armor_3>
						<gun>30</gun>
					</armor>
					<shotDispersionRadius>0.39</shotDispersionRadius>
					<reloadTime>7.5</reloadTime>
					<aimingTime>2.2</aimingTime>
					<shotDispersionFactors>
						<turretRotation>0.06</turretRotation>
						<afterShot>3.5</afterShot>
						<whileGunDamaged>2.0</whileGunDamaged>
					</shotDispersionFactors>
					<models>
						<undamaged>vehicles/other/AMX_dracula/normal/lod0/Gun_01.model</undamaged>
						<destroyed>vehicles/other/AMX_dracula/crash/lod0/Gun_01.model</destroyed>
						<exploded>vehicles/other/AMX_dracula/crash/lod0/Gun_01.model</exploded>
					</models>
					<hitTester>
						<collisionModel>vehicles/other/AMX_dracula/collision/Gun_01.model</collisionModel>
					</hitTester>
					<emblemSlots>
						<insigniaOnGun>
							<rayStart>0.000000 -0.00366732 3.78989</rayStart>
							<rayEnd>-0.0811056 -0.0294834 3.78984</rayEnd>
							<rayUp>0.092 0.089 4</rayUp>
							<size>0.449</size>
							<hideIfDamaged>true</hideIfDamaged>
						</insigniaOnGun>
					</emblemSlots>
					<animateEmblemSlots>true</animateEmblemSlots>
					<effects>shot_90mm</effects>
					<camouflage>
						<tiling>0.955 0.46 0.000000 0.000000</tiling>
					</camouflage>
					<turretYawLimits>-180 180</turretYawLimits>
				</_90mm_Phantom>
			</guns>
			<models>
				<undamaged>vehicles/other/AMX_dracula/normal/lod0/Turret_01.model</undamaged>
				<destroyed>vehicles/other/AMX_dracula/crash/lod0/Turret_01.model</destroyed>
				<exploded>vehicles/other/AMX_dracula/crash/lod0/Turret_01.model</exploded>
			</models>
			<hitTester>
				<collisionModel>vehicles/other/AMX_dracula/collision/Turret_01.model</collisionModel>
			</hitTester>
			<gunPosition>0.000000 0.3603 1</gunPosition>
			<emblemSlots>
				<player>
					<rayStart>-1.14052 0.501314 -1.84861</rayStart>
					<rayEnd>-0.947969 0.447255 -1.84803</rayEnd>
					<rayUp>0.000000 1 0.000000</rayUp>
					<size>0.3</size>
					<hideIfDamaged>false</hideIfDamaged>
				</player>
				<inscription>
					<rayStart>-1.11845 0.493689 -1.01991</rayStart>
					<rayEnd>-0.930106 0.426732 -1.02643</rayEnd>
					<rayUp>0.000000 1 0.000000</rayUp>
					<size>0.8</size>
					<hideIfDamaged>true</hideIfDamaged>
				</inscription>
				<player>
					<rayStart>1.14052 0.501314 -1.84861</rayStart>
					<rayEnd>0.947969 0.447255 -1.84803</rayEnd>
					<rayUp>0.000000 1 0.000000</rayUp>
					<size>0.3</size>
					<hideIfDamaged>false</hideIfDamaged>
				</player>
				<inscription>
					<rayStart>1.11191 0.50539 -0.971681</rayStart>
					<rayEnd>0.923684 0.438132 -0.978366</rayEnd>
					<rayUp>0.000000 1 0.000000</rayUp>
					<size>0.8</size>
					<hideIfDamaged>true</hideIfDamaged>
				</inscription>
			</emblemSlots>
			<showEmblemsOnGun>false</showEmblemsOnGun>
			<wwturretRotatorSoundManual>tur_mech_trav</wwturretRotatorSoundManual>
			<physicsShape>0.941 -0.118 1.000 0.000 0.426 0.294 0.000 0.493 0.265 0.588 0.228 0.500 0.132 0.779 0.000</physicsShape>
			<yawLimits>-180 180</yawLimits>
		</Turret_1_Dracula>
	</turrets0>
	<engines>
		<Redcell_Mk1>shared</Redcell_Mk1>
	</engines>
	<fuelTanks>
		<Heavy>shared</Heavy>
	</fuelTanks>
	<radios>
		<SCR_528A>shared</SCR_528A>
	</radios>
</root>
