<root>
	<blitz>
		<smallIconPath>~res:/Gfx/UI/BattleScreenHUD/SmallTankIcons/germany-PzIV_Schmalturm</smallIconPath>
		<bigIconPath>~res:/Gfx/UI/BigTankIcons/germany-PzIV_Schmalturm</bigIconPath>
		<blitzModelPath>Tanks/German/PzIV_Schmalturm.sc2</blitzModelPath>
		<blitzDestructedModelPath>Tanks/German/PzIV_Schmalturm_crash.sc2</blitzDestructedModelPath>
		<engineSoundPC>tanks/pc/engine/de/mt</engineSoundPC>
		<engineSoundNPC>tanks/npc/engine/de/mt</engineSoundNPC>
		<smokeEffectPath>FX/smoke_tank_type_black_new_4.sc2</smokeEffectPath>
		<fireEffectPathAlive>FX/SmokeFire_tank_movement_new.sc2</fireEffectPathAlive>
		<fireEffectPathDead>FX/Fire_and_Smoke.sc2</fireEffectPathDead>
		<collisionMesh>CollisionMeshes/germany-PzIV_schmalturm.sc2</collisionMesh>
	</blitz>
	<crew>
		<commander/>
		<gunner/>
		<driver/>
		<radioman/>
		<loader/>
	</crew>
	<speedLimits>
		<forward>44</forward>
		<backward>18</backward>
	</speedLimits>
	<invisibility>
		<camouflageNetBonus>0.1</camouflageNetBonus>
		</invisibility>
	<repairCost>3</repairCost>
	<crewXpFactor>1.0</crewXpFactor>
	<effects>
		<destruction>mediumDestruction</destruction>
		<explosion>mediumExplosion</explosion>
		<flaming>mediumFlaming</flaming>
		<collision/>
	</effects>
	<camouflage>
		<priceFactor>1.2</priceFactor>
		<tiling>1 1 0 0</tiling>
		<exclusionMask>vehicles/german/G77_PzIV_Schmalturm/PzIV_Schmalturm_CM.dds</exclusionMask>
	</camouflage>
	<emblems>
		<default>germany_cross</default>
		<lodDist>MEDIUM</lodDist>
		<alpha>0.88</alpha>
	</emblems>
	<horns>
		<priceFactor>1</priceFactor>
		<distanceFactor>1</distanceFactor>
		<volumeFactor>1</volumeFactor>
	</horns>
	<hull>
		<blitz>
			<averageThickness>
				<turret_01>52.031281</turret_01>
			</averageThickness>
			<blitzPartName>hull</blitzPartName>
			<bbox>
				<min>-1.616906 -2.659082 -0.526505</min>
				<max>1.599182 2.755270 0.862967</max>
			</bbox>
			<points>
				<normal>0.000000 -0.000178 -0.899277</normal>
				<crash>-0.000000 0.000000 -0.900000</crash>
			</points>
		</blitz>
		<models>
			<undamaged>vehicles/german/G77_PzIV_Schmalturm/normal/lod0/Hull.model</undamaged>
			<destroyed>vehicles/german/G77_PzIV_Schmalturm/crash/lod0/Hull.model</destroyed>
			<exploded>vehicles/german/G77_PzIV_Schmalturm/crash/lod0/Hull.model</exploded>
		</models>
		<swinging>
			<lodDist>FAR</lodDist>
			<pitchParams>0.26 34.00 0.42 1.00 0.05 0.30</pitchParams>
			<rollParams>1.00 0.26 34.00 0.42 1.00 0.05 0.30</rollParams>
			<sensitivityToImpulse>0.48</sensitivityToImpulse>
		</swinging>
		<exhaust>
			<pixie>particles/Tank/engine_exit_gass.xml</pixie>
			<nodes>HP_Track_Exhaus_1 HP_Track_Exhaus_2</nodes>
			<rates>8.0 12.0 34.0</rates>
		</exhaust>
		<turretPositions>
			<turret>0.000000 0.8222 -0.012861</turret>
		</turretPositions>
		<hitTester>
			<collisionModel>vehicles/german/G77_PzIV_Schmalturm/collision/Hull.model</collisionModel>
		</hitTester>
		<armor>
			<armor_1>80</armor_1>
			<armor_2>80</armor_2>
			<armor_3>30</armor_3>
			<armor_4>20</armor_4>
			<armor_5>30</armor_5>
			<armor_6>30</armor_6>
			<armor_7>50</armor_7>
			<armor_8>30</armor_8>
			<armor_9>12</armor_9>
			<armor_10>10</armor_10>
			<armor_11>20<vehicleDamageFactor>0.0</vehicleDamageFactor>
			</armor_11>
			<armor_12>0</armor_12>
			<armor_13>5<vehicleDamageFactor>0.0</vehicleDamageFactor>
			</armor_13>
		</armor>
		<primaryArmor>armor_1 armor_3 armor_4</primaryArmor>
		<weight>11770</weight>
		<maxHealth>760</maxHealth>
		<ammoBayHealth>
			<maxHealth>200</maxHealth>
			<maxRegenHealth>135</maxRegenHealth>
			<repairCost>1.0</repairCost>
			</ammoBayHealth>
		<emblemSlots>
			<clan>
				<rayStart>0.256855 0.532233 2.11789</rayStart>
				<rayEnd>0.256855 0.474492 1.72208</rayEnd>
				<rayUp>0.000000 1 0.000000</rayUp>
				<size>0.28</size>
				<hideIfDamaged>true</hideIfDamaged>
			</clan>
		</emblemSlots>
	</hull>
	<chassis>
		<PzIV_ausf43>
			<blitz>
				<blitzPartName>chassis</blitzPartName>
				<bbox>
					<min>-1.403974 -2.845945 0.004305</min>
					<max>1.403974 2.813842 1.125048</max>
				</bbox>
				<points>
					<normal>0.000000 -0.001748 -0.000000</normal>
					<crash>0.000000 0.000000 0.000000</crash>
				</points>
				<soundPC>tanks/pc/treads/mt</soundPC>
				<soundNPC>tanks/npc/treads/mt</soundNPC>
			</blitz>
			<userString>#germany_vehicles:PzIV_ausf43</userString>
			<description>#germany_vehicles:PzIV_ausf43_descr</description>
			<tags/>
			<level>5</level>
			<price>0</price>
			<notInShop>true</notInShop>
			<models>
				<undamaged>vehicles/german/G77_PzIV_Schmalturm/normal/lod0/Chassis.model</undamaged>
				<destroyed>vehicles/german/G77_PzIV_Schmalturm/crash/lod0/Chassis.model</destroyed>
				<exploded>vehicles/german/G77_PzIV_Schmalturm/crash/lod0/Chassis.model</exploded>
			</models>
			<traces>
				<lodDist>FAR</lodDist>
				<bufferPrefs>mediumTank</bufferPrefs>
				<textureSet>germany_01</textureSet>
				<size>0.44 0.44</size>
			</traces>
			<tracks>
				<lodDist>MEDIUM</lodDist>
				<leftMaterial>track_mat_L_skinned</leftMaterial>
				<rightMaterial>track_mat_R_skinned</rightMaterial>
				<textureScale>-0.8</textureScale>
			</tracks>
			<wheels>
				<lodDist>MEDIUM</lodDist>
				<group>
					<isLeft>true</isLeft>
					<template>W_L</template>
					<radius>0.25</radius>
					<startIndex>0</startIndex>
					<count>8</count>
				</group>
				<group>
					<isLeft>false</isLeft>
					<template>W_R</template>
					<radius>0.25</radius>
					<startIndex>0</startIndex>
					<count>8</count>
				</group>
				<wheel>
					<isLeft>true</isLeft>
					<name>WD_L0</name>
					<radius>0.5</radius>
				</wheel>
				<group>
					<isLeft>true</isLeft>
					<template>WD_L</template>
					<radius>0.12773</radius>
					<startIndex>1</startIndex>
					<count>4</count>
				</group>
				<wheel>
					<isLeft>true</isLeft>
					<name>WD_L5</name>
					<radius>0.5</radius>
				</wheel>
				<wheel>
					<isLeft>false</isLeft>
					<name>WD_R0</name>
					<radius>0.5</radius>
				</wheel>
				<group>
					<isLeft>false</isLeft>
					<template>WD_R</template>
					<radius>0.12773</radius>
					<startIndex>1</startIndex>
					<count>4</count>
				</group>
				<wheel>
					<isLeft>false</isLeft>
					<name>WD_R5</name>
					<radius>0.5</radius>
				</wheel>
			</wheels>
			<drivingWheels>WD_L0 WD_L5</drivingWheels>
			<effects>
				<lodDist>MEDIUM</lodDist>
				<dust>mediumTankDust</dust>
				<mud>mediumTankMud</mud>
			</effects>
			<sound>/vehicles/tanks/treads/treads_2</sound>
			<hullPosition>0.000000 0.9 0.000000</hullPosition>
			<hitTester>
				<collisionModel>vehicles/german/G77_PzIV_Schmalturm/collision/Chassis.model</collisionModel>
			</hitTester>
			<armor>
				<leftTrack>15</leftTrack>
				<rightTrack>15</rightTrack>
			</armor>
			<topRightCarryingPoint>1.20923 1.81561</topRightCarryingPoint>
			<maxClimbAngle>25</maxClimbAngle>
			<navmeshGirth>6.0</navmeshGirth>
			<weight>7800</weight>
			<maxLoad>32000</maxLoad>
			<terrainResistance>0.9 1 1.77</terrainResistance>
			<brakeForce>32000</brakeForce>
			<rotationIsAroundCenter>false</rotationIsAroundCenter>
			<rotationSpeed>34</rotationSpeed>
			<shotDispersionFactors>
				<vehicleMovement>0.13</vehicleMovement>
				<vehicleRotation>0.13</vehicleRotation>
			</shotDispersionFactors>
			<bulkHealthFactor>3.0</bulkHealthFactor>
			<maxHealth>130</maxHealth>
			<maxRegenHealth>100</maxRegenHealth>
			<repairCost>5.0</repairCost>
			</PzIV_ausf43>
	</chassis>
	<turrets0>
		<PzIV_Schmalturm_A>
			<blitz>
				<blitzPartName>turret_01</blitzPartName>
				<bbox>
					<min>-1.269989 -1.341466 0.001746</min>
					<max>1.283219 1.086296 1.027676</max>
				</bbox>
				<points>
					<normal>0.000000 0.012438 -1.722318</normal>
					<crash>0.000000 0.012241 -1.721919</crash>
				</points>
			</blitz>
			<userString>#germany_vehicles:PzIV_Schmalturm_A</userString>
			<description>#germany_vehicles:PzIV_Schmalturm_A_descr</description>
			<tags/>
			<level>6</level>
			<price>0</price>
			<notInShop>true</notInShop>
			<models>
				<undamaged>vehicles/german/G77_PzIV_Schmalturm/normal/lod0/Turret_01.model</undamaged>
				<destroyed>vehicles/german/G77_PzIV_Schmalturm/crash/lod0/Turret_01.model</destroyed>
				<exploded>vehicles/german/G77_PzIV_Schmalturm/crash/lod0/Turret_01.model</exploded>
			</models>
			<hitTester>
				<collisionModel>vehicles/german/G77_PzIV_Schmalturm/collision/Turret_01.model</collisionModel>
			</hitTester>
			<yawLimits>-180 180</yawLimits>
			<gunPosition>0.069 0.3887 0.956</gunPosition>
			<armor>
				<armor_1>120</armor_1>
				<armor_2>120</armor_2>
				<armor_3>60</armor_3>
				<armor_4>60</armor_4>
				<armor_5>120</armor_5>
				<armor_6>60</armor_6>
				<armor_7>40</armor_7>
				<armor_8>30</armor_8>
				<armor_9>30</armor_9>
				<armor_10>0</armor_10>
				<armor_11>40<vehicleDamageFactor>0.0</vehicleDamageFactor>
				</armor_11>
				<armor_12>70</armor_12>
				<armor_13>30</armor_13>
			</armor>
			<primaryArmor>armor_1 armor_3 armor_4</primaryArmor>
			<weight>8530</weight>
			<maxHealth>190</maxHealth>
			<rotationSpeed>24</rotationSpeed>
			<turretRotatorHealth>
				<maxHealth>130</maxHealth>
				<maxRegenHealth>65</maxRegenHealth>
				<repairCost>1.0</repairCost>
				</turretRotatorHealth>
			<circularVisionRadius>240</circularVisionRadius>
			<surveyingDeviceHealth>
				<maxHealth>90</maxHealth>
				<maxRegenHealth>45</maxRegenHealth>
				<repairCost>1.0</repairCost>
				</surveyingDeviceHealth>
			<guns>
				<_75mm_KwK_441_A>shared<blitz>
						<blitzPartName>gun_01</blitzPartName>
						<bbox>
							<min>-0.405262 -0.374882 -0.299378</min>
							<max>0.285028 4.342206 0.370413</max>
						</bbox>
						<points>
							<normal>-0.069000 -0.943037 -2.110913</normal>
							<crash>-0.069000 -0.942429 -2.110901</crash>
						</points>
					</blitz>
					<pitchLimits>-20 10</pitchLimits>
					<maxAmmo>60</maxAmmo>
					<effects>shot_75mm_KwK40</effects>
					<models>
						<undamaged>vehicles/german/G77_PzIV_Schmalturm/normal/lod0/Gun_01.model</undamaged>
						<destroyed>vehicles/german/G77_PzIV_Schmalturm/crash/lod0/Gun_01.model</destroyed>
						<exploded>vehicles/german/G77_PzIV_Schmalturm/crash/lod0/Gun_01.model</exploded>
					</models>
					<hitTester>
						<collisionModel>vehicles/german/G77_PzIV_Schmalturm/collision/Gun_01.model</collisionModel>
					</hitTester>
					<armor>
						<armor_1>150<vehicleDamageFactor>0.0</vehicleDamageFactor>
						</armor_1>
						<armor_2>120<vehicleDamageFactor>0.0</vehicleDamageFactor>
						</armor_2>
						<armor_3>0<vehicleDamageFactor>0.0</vehicleDamageFactor>
						</armor_3>
						<gun>20</gun>
					</armor>
					<reloadTime>5.2</reloadTime>
					<shotDispersionFactors>
						<turretRotation>0.08</turretRotation>
						<afterShot>4.0</afterShot>
						<whileGunDamaged>2.0</whileGunDamaged>
					</shotDispersionFactors>
					<aimingTime>1.9</aimingTime>
				</_75mm_KwK_441_A>
			</guns>
			<emblemSlots>
				<player>
					<rayStart>1.01597 0.412894 0.455601</rayStart>
					<rayEnd>0.661283 0.261624 0.349242</rayEnd>
					<rayUp>0.000000 1 0.000000</rayUp>
					<size>0.32</size>
					<hideIfDamaged>true</hideIfDamaged>
				</player>
				<player>
					<rayStart>-1.01597 0.412894 0.455601</rayStart>
					<rayEnd>-0.661283 0.261624 0.349242</rayEnd>
					<rayUp>0.000000 1 0.000000</rayUp>
					<size>0.32</size>
					<hideIfDamaged>true</hideIfDamaged>
				</player>
				<inscription>
					<rayStart>1.17503 0.443637 -0.102797</rayStart>
					<rayEnd>0.820337 0.292367 -0.209156</rayEnd>
					<rayUp>0.000000 1 0.000000</rayUp>
					<size>0.74</size>
					<hideIfDamaged>true</hideIfDamaged>
				</inscription>
				<inscription>
					<rayStart>-1.17503 0.443637 -0.102797</rayStart>
					<rayEnd>-0.820337 0.292367 -0.209156</rayEnd>
					<rayUp>0.000000 1 0.000000</rayUp>
					<size>0.74</size>
					<hideIfDamaged>true</hideIfDamaged>
				</inscription>
			</emblemSlots>
			<showEmblemsOnGun>false</showEmblemsOnGun>
			<physicsShape>1.000 0.000 1.000 0.000 1.000 0.000 0.500 0.100 0.500 0.500 0.500 0.500 0.600 0.100 0.500</physicsShape>
			<yawLimits>-180 180</yawLimits>
		</PzIV_Schmalturm_A>
	</turrets0>
	<engines>
		<Maybach_HL_120_TRM_C>shared</Maybach_HL_120_TRM_C>
	</engines>
	<fuelTanks>
		<Heavy>shared</Heavy>
	</fuelTanks>
	<radios>
		<FuG5A>shared</FuG5A>
	</radios>
</root>
