<root>
	<ids>
		<_75mm_L56_5_kan_Strv_74>1</_75mm_L56_5_kan_Strv_74>
		<_90mm_KwK_E_L56>2</_90mm_KwK_E_L56>
		<_105mm_KwK_N_L45>3</_105mm_KwK_N_L45>
		<_85mm_Twin_X-Barrel_mod1>4</_85mm_Twin_X-Barrel_mod1>
		<_90mm_Phantom>5</_90mm_Phantom>
		<_90mm_Gun_MMP80>6</_90mm_Gun_MMP80>
	</ids>
	<shared>
		<_75mm_L56_5_kan_Strv_74>
			<userString>#other_vehicles:_75mm_L56_5_kan_Strv_74</userString>
			<tags/>
			<level>4</level>
			<price>0</price>
			<impulse>0.26</impulse>
			<recoil>
				<lodDist>MEDIUM</lodDist>
				<amplitude>0.3</amplitude>
				<backoffTime>0.1</backoffTime>
				<returnTime>0.3</returnTime>
			</recoil>
			<effects>shot_75mm_KwK40_auto</effects>
			<pitchLimits>-25 10</pitchLimits>
			<turretYawLimits>-180 180</turretYawLimits>
			<rotationSpeed>43.75</rotationSpeed>
			<reloadTime>2.05714285714286</reloadTime>
			<maxAmmo>100</maxAmmo>
			<aimingTime>1.14285714285714</aimingTime>
			<clip>
				<count>4</count>
				<rate>30</rate>
			</clip>
			<burst>
				<count>1</count>
				<rate>30</rate>
			</burst>
			<weight>130</weight>
			<maxHealth>70</maxHealth>
			<maxRegenHealth>35</maxRegenHealth>
			<repairCost>2</repairCost>
			<shotDispersionRadius>0.4</shotDispersionRadius>
			<shotDispersionFactors>
				<turretRotation>0.12</turretRotation>
				<afterShot>4.0</afterShot>
				<whileGunDamaged>2.0</whileGunDamaged>
			</shotDispersionFactors>
			<shots>
				<Slpprj_m43>
					<defaultPortion>1.0</defaultPortion>
					<speed>900</speed>
					<gravity>9.81</gravity>
					<maxDistance>720</maxDistance>
					<piercingPower>135 120</piercingPower>
				</Slpprj_m43>
				<Slpprj_m49>
					<defaultPortion>0.0</defaultPortion>
					<speed>1130</speed>
					<gravity>9.81</gravity>
					<maxDistance>720</maxDistance>
					<piercingPower>180 160</piercingPower>
				</Slpprj_m49>
				<Sgr_m38>
					<defaultPortion>0.0</defaultPortion>
					<speed>630</speed>
					<gravity>9.81</gravity>
					<maxDistance>720</maxDistance>
					<piercingPower>38 38</piercingPower>
				</Sgr_m38>
			</shots>
		</_75mm_L56_5_kan_Strv_74>
		<_90mm_KwK_E_L56>
			<userString>#other_vehicles:_90mm_KwK_E/L56</userString>
			<tags/>
			<level>7</level>
			<price>0</price>
			<impulse>0.45</impulse>
			<recoil>
				<lodDist>MEDIUM</lodDist>
				<amplitude>0.38</amplitude>
				<backoffTime>0.1</backoffTime>
				<returnTime>0.36</returnTime>
			</recoil>
			<effects>shot_90mm_GER8_mb</effects>
			<pitchLimits>-15 8</pitchLimits>
			<turretYawLimits>-180 180</turretYawLimits>
			<rotationSpeed>40</rotationSpeed>
			<reloadTime>8.0</reloadTime>
			<maxAmmo>64</maxAmmo>
			<aimingTime>2.3</aimingTime>
			<weight>2150</weight>
			<maxHealth>150</maxHealth>
			<maxRegenHealth>75</maxRegenHealth>
			<repairCost>7</repairCost>
			<shotDispersionRadius>0.38</shotDispersionRadius>
			<shotDispersionFactors>
				<turretRotation>0.08</turretRotation>
				<afterShot>4.0</afterShot>
				<whileGunDamaged>2.0</whileGunDamaged>
			</shotDispersionFactors>
			<shots>
				<_90mm_Pzgr-E>
					<defaultPortion>0.8</defaultPortion>
					<speed>830</speed>
					<gravity>9.81</gravity>
					<maxDistance>720</maxDistance>
					<piercingPower>150 127</piercingPower>
				</_90mm_Pzgr-E>
				<_90mm_Pzgr-EL>
					<defaultPortion>0.0</defaultPortion>
					<speed>1050</speed>
					<gravity>9.81</gravity>
					<maxDistance>720</maxDistance>
					<piercingPower>210 190</piercingPower>
				</_90mm_Pzgr-EL>
				<_90mm_Sprgr-E>
					<defaultPortion>0.2</defaultPortion>
					<speed>850</speed>
					<gravity>9.81</gravity>
					<maxDistance>720</maxDistance>
					<piercingPower>45 45</piercingPower>
				</_90mm_Sprgr-E>
			</shots>
		</_90mm_KwK_E_L56>
		<_105mm_KwK_N_L45>
			<userString>#other_vehicles:_105mm_KwK_N_L45</userString>
			<tags/>
			<level>8</level>
			<price>0</price>
			<impulse>0.38</impulse>
			<recoil>
				<lodDist>MEDIUM</lodDist>
				<amplitude>0.65</amplitude>
				<backoffTime>0.1</backoffTime>
				<returnTime>0.44</returnTime>
			</recoil>
			<effects>shot_105mm</effects>
			<pitchLimits>-15 8</pitchLimits>
			<turretYawLimits>-180 180</turretYawLimits>
			<rotationSpeed>43.75</rotationSpeed>
			<reloadTime>8.5</reloadTime>
			<maxAmmo>40</maxAmmo>
			<aimingTime>2.5</aimingTime>
			<weight>3000</weight>
			<maxHealth>180</maxHealth>
			<maxRegenHealth>90</maxRegenHealth>
			<repairCost>8</repairCost>
			<shotDispersionRadius>0.43</shotDispersionRadius>
			<shotDispersionFactors>
				<turretRotation>0.16</turretRotation>
				<afterShot>4.0</afterShot>
				<whileGunDamaged>2.0</whileGunDamaged>
			</shotDispersionFactors>
			<shots>
				<_105mm_Pzgr-N>
					<defaultPortion>0.8</defaultPortion>
					<speed>870</speed>
					<gravity>9.81</gravity>
					<maxDistance>720</maxDistance>
					<piercingPower>180 155</piercingPower>
				</_105mm_Pzgr-N>
				<_105mm_Pzgr-NL>
					<defaultPortion>0.0</defaultPortion>
					<speed>990</speed>
					<gravity>9.81</gravity>
					<maxDistance>720</maxDistance>
					<piercingPower>220 107</piercingPower>
				</_105mm_Pzgr-NL>
				<_105mm_Sprgr-N>
					<defaultPortion>0.2</defaultPortion>
					<speed>792</speed>
					<gravity>9.81</gravity>
					<maxDistance>720</maxDistance>
					<piercingPower>60 60</piercingPower>
				</_105mm_Sprgr-N>
			</shots>
		</_105mm_KwK_N_L45>
		<_85mm_Twin_X-Barrel_mod1>
			<userString>#other_vehicles:_85mm_Twin_X-Barrel_mod1</userString>
			<tags/>
			<level>8</level>
			<price>0</price>
			<impulse>0.45</impulse>
			<recoil>
				<lodDist>MEDIUM</lodDist>
				<amplitude>0.32</amplitude>
				<backoffTime>0.1</backoffTime>
				<returnTime>0.4</returnTime>
			</recoil>
			<effects>shot_85mm</effects>
			<pitchLimits>-15 6</pitchLimits>
			<turretYawLimits>-180 180</turretYawLimits>
			<rotationSpeed>43.75</rotationSpeed>
			<reloadTime>15</reloadTime>
			<maxAmmo>100</maxAmmo>
			<aimingTime>2.3</aimingTime>
			<clip>
				<count>2</count>
				<rate>240</rate>
			</clip>
			<burst>
				<count>2</count>
				<rate>240</rate>
			</burst>
			<weight>3800</weight>
			<maxHealth>135</maxHealth>
			<maxRegenHealth>67</maxRegenHealth>
			<repairCost>6</repairCost>
			<shotDispersionRadius>0.37</shotDispersionRadius>
			<shotDispersionFactors>
				<turretRotation>0.08</turretRotation>
				<afterShot>4.0</afterShot>
				<whileGunDamaged>2.0</whileGunDamaged>
			</shotDispersionFactors>
			<shots>
				<_85mm_AP_Stake>
					<defaultPortion>0.8</defaultPortion>
					<speed>980</speed>
					<gravity>9.81</gravity>
					<maxDistance>400</maxDistance>
					<piercingPower>170 150</piercingPower>
				</_85mm_AP_Stake>
				<_85mm_HVAP_Belt>
					<defaultPortion>0.0</defaultPortion>
					<speed>1205</speed>
					<gravity>9.81</gravity>
					<maxDistance>400</maxDistance>
					<piercingPower>220 190</piercingPower>
				</_85mm_HVAP_Belt>
				<_85mm_HE_G>
					<defaultPortion>0.2</defaultPortion>
					<speed>874</speed>
					<gravity>9.81</gravity>
					<maxDistance>400</maxDistance>
					<piercingPower>45 45</piercingPower>
				</_85mm_HE_G>
			</shots>
		</_85mm_Twin_X-Barrel_mod1>
		<_90mm_Phantom>
			<userString>#other_vehicles:_90mm_Phantom</userString>
			<tags/>
			<level>7</level>
			<price>0</price>
			<impulse>0.48</impulse>
			<recoil>
				<lodDist>MEDIUM</lodDist>
				<amplitude>0.38</amplitude>
				<backoffTime>0.1</backoffTime>
				<returnTime>0.36</returnTime>
			</recoil>
			<effects>shot_90mm_mb</effects>
			<pitchLimits>-18 8</pitchLimits>
			<turretYawLimits>-180 180</turretYawLimits>
			<rotationSpeed>43.75</rotationSpeed>
			<reloadTime>7.2</reloadTime>
			<maxAmmo>60</maxAmmo>
			<aimingTime>2.1</aimingTime>
			<weight>2100</weight>
			<maxHealth>170</maxHealth>
			<maxRegenHealth>85</maxRegenHealth>
			<repairCost>7</repairCost>
			<shotDispersionRadius>0.37</shotDispersionRadius>
			<shotDispersionFactors>
				<turretRotation>0.08</turretRotation>
				<afterShot>4.0</afterShot>
				<whileGunDamaged>2.0</whileGunDamaged>
			</shotDispersionFactors>
			<shots>
				<_90mm_Claw>
					<defaultPortion>0.8</defaultPortion>
					<speed>860</speed>
					<gravity>9.81</gravity>
					<maxDistance>720</maxDistance>
					<piercingPower>155 130</piercingPower>
				</_90mm_Claw>
				<_90mm_Fang>
					<defaultPortion>0.0</defaultPortion>
					<speed>1015</speed>
					<gravity>9.81</gravity>
					<maxDistance>720</maxDistance>
					<piercingPower>237 215</piercingPower>
				</_90mm_Fang>
				<_90mm_Swarm>
					<defaultPortion>0.2</defaultPortion>
					<speed>792</speed>
					<gravity>9.81</gravity>
					<maxDistance>720</maxDistance>
					<piercingPower>45 45</piercingPower>
				</_90mm_Swarm>
			</shots>
		</_90mm_Phantom>
		<_90mm_Gun_MMP80>
			<userString>#other_vehicles:_90mm_Gun_MMP80</userString>
			<tags/>
			<level>8</level>
			<price>0</price>
			<impulse>0.48</impulse>
			<recoil>
				<lodDist>MEDIUM</lodDist>
				<amplitude>0.36</amplitude>
				<backoffTime>0.1</backoffTime>
				<returnTime>0.36</returnTime>
			</recoil>
			<effects>shot_90mm_mb</effects>
			<pitchLimits>-25 8</pitchLimits>
			<turretYawLimits>-180 180</turretYawLimits>
			<rotationSpeed>43</rotationSpeed>
			<reloadTime>8.3</reloadTime>
			<maxAmmo>100</maxAmmo>
			<aimingTime>2.1</aimingTime>
			<weight>2250</weight>
			<maxHealth>170</maxHealth>
			<maxRegenHealth>85</maxRegenHealth>
			<repairCost>7</repairCost>
			<shotDispersionRadius>0.37</shotDispersionRadius>
			<shotDispersionFactors>
				<turretRotation>0.08</turretRotation>
				<afterShot>4.0</afterShot>
				<whileGunDamaged>2.0</whileGunDamaged>
			</shotDispersionFactors>
			<shots>
				<_90mm_H_L-SB80K>
					<defaultPortion>1.0</defaultPortion>
					<speed>980</speed>
					<gravity>9.81</gravity>
					<maxDistance>720</maxDistance>
					<piercingPower>190 170</piercingPower>
				</_90mm_H_L-SB80K>
				<_90mm_ZIM_M_T-K80C>
					<defaultPortion>0.0</defaultPortion>
					<speed>925</speed>
					<gravity>9.81</gravity>
					<maxDistance>720</maxDistance>
					<piercingPower>260 260</piercingPower>
				</_90mm_ZIM_M_T-K80C>
				<_90mm_HE_SB80L>
					<defaultPortion>0.0</defaultPortion>
					<speed>975</speed>
					<gravity>9.81</gravity>
					<maxDistance>720</maxDistance>
					<piercingPower>45 45</piercingPower>
				</_90mm_HE_SB80L>
			</shots>
		</_90mm_Gun_MMP80>
	</shared>
</root>
