<root>
	<blitz>
		<smallIconPath>~res:/Gfx/UI/BattleScreenHUD/SmallTankIcons/other-Sega_Nameless</smallIconPath>
		<bigIconPath>~res:/Gfx/UI/BigTankIcons/other-Sega_Nameless</bigIconPath>
		<blitzModelPath>Tanks/Other/Sega_Nameless.sc2</blitzModelPath>
		<blitzDestructedModelPath>Tanks/Other/Sega_Nameless_crash.sc2</blitzDestructedModelPath>
		<engineSoundPC>tanks/pc/engine/de/ht</engineSoundPC>
		<engineSoundNPC>tanks/npc/engine/de/ht</engineSoundNPC>
		<smokeEffectPath>FX/smoke_tank_type_black_new_2.sc2</smokeEffectPath>
		<fireEffectPathAlive>FX/SmokeFire_tank_movement_new.sc2</fireEffectPathAlive>
		<fireEffectPathDead>FX/Fire_and_Smoke.sc2</fireEffectPathDead>
		<collisionMesh>CollisionMeshes/other-Sega_Nameless.sc2</collisionMesh>
	</blitz>
	<crew>
		<commander/>
		<gunner/>
		<driver/>
		<radioman/>
		<loader/>
	</crew>
	<speedLimits>
		<forward>32</forward>
		<backward>11</backward>
	</speedLimits>
	<invisibility>
		<camouflageNetBonus>0.05</camouflageNetBonus>
		</invisibility>
	<repairCost>6.5</repairCost>
	<crewXpFactor>1.0</crewXpFactor>
	<effects>
		<destruction>mediumDestruction</destruction>
		<explosion>mediumExplosion</explosion>
		<flaming>largeFlaming</flaming>
		<collision/>
	</effects>
	<camouflage>
		<priceFactor>1.0</priceFactor>
		<tiling>1 1 0 0</tiling>
		<exclusionMask>vehicles/german/G28_PzIII_IV/PzIII_IV_CM.dds</exclusionMask>
	</camouflage>
	<emblems>
		<default>germany_cross</default>
		<lodDist>MEDIUM</lodDist>
		<alpha>0.86</alpha>
	</emblems>
	<horns>
		<priceFactor>1</priceFactor>
		<distanceFactor>1</distanceFactor>
		<volumeFactor>1</volumeFactor>
	</horns>
	<hull>
		<blitz>
			<averageThickness>
				<turret_01>114.865639</turret_01>
			</averageThickness>
			<blitzPartName>hull</blitzPartName>
			<bbox><min>-1.365510 -2.997263 0.539071</min><max>1.365510 3.086989 1.989334</max></bbox>
			<points>
				<crash>0.000045 -0.000010 -0.000091</crash>
				<normal>-0.002337 -0.011436 0.003610</normal>
			</points>
		</blitz>
		<models>
			<undamaged>vehicles/other/Sega_Nameless/normal/lod0/Hull.model</undamaged>
			<destroyed>vehicles/other/Sega_Nameless/crash/lod0/Hull.model</destroyed>
			<exploded>vehicles/other/Sega_Nameless/crash/lod0/Hull.model</exploded>
		</models>
		<swinging>
			<lodDist>FAR</lodDist>
			<pitchParams>0.26 34.00 0.42 1.00 0.05 0.30</pitchParams>
			<rollParams>1.00 0.26 34.00 0.42 1.00 0.05 0.30</rollParams>
			<sensitivityToImpulse>0.48</sensitivityToImpulse>
		</swinging>
		<exhaust>
			<pixie>particles/Tank/engine_exit_gass.xml</pixie>
			<nodes/>
			<rates>8.0 12.0 34.0</rates>
		</exhaust>
		<turretPositions>
			<turret>0.000000 1.9241 -0.261</turret>
		</turretPositions>
		<hitTester>
			<collisionModel>vehicles/other/Sega_Nameless/collision/Hull.model</collisionModel>
		</hitTester>
		<armor>
			<armor_1>150</armor_1>
			<armor_2>120</armor_2>
			<armor_3>60</armor_3>
			<armor_4>80</armor_4>
			<armor_5>80</armor_5>
			<armor_6>40</armor_6>
			<armor_7>40</armor_7>
			<armor_8>20</armor_8>
			<armor_9>15</armor_9>
			<armor_10>80</armor_10>
			<armor_11>80</armor_11>
			<armor_12>40</armor_12>
			<armor_13>40</armor_13>
		</armor>
		<primaryArmor>armor_1 armor_11 armor_6</primaryArmor>
		<weight>32680</weight>
		<maxHealth>1080</maxHealth>
		<ammoBayHealth>
			<maxHealth>200</maxHealth>
			<maxRegenHealth>135</maxRegenHealth>
			<repairCost>1.0</repairCost>
			</ammoBayHealth>
		<emblemSlots>
			<clan>
				<rayStart>-0.765749 0.46691 2.57481</rayStart>
				<rayEnd>-0.765749 0.121094 2.37379</rayEnd>
				<rayUp>0.000000 0.000000 -1</rayUp>
				<size>0.3</size>
				<hideIfDamaged>false</hideIfDamaged>
			</clan>
			<inscription>
				<rayStart>0.506876 0.383268 2.71869</rayStart>
				<rayEnd>0.506876 0.0374556 2.51767</rayEnd>
				<rayUp>0.000000 0.000000 -1</rayUp>
				<size>0.78</size>
				<hideIfDamaged>false</hideIfDamaged>
			</inscription>
			<inscription>
				<rayStart>1.47106 0.806475 -1.67568</rayStart>
				<rayEnd>1.14429 0.575786 -1.67568</rayEnd>
				<rayUp>0.000000 1 0.000000</rayUp>
				<size>0.74</size>
				<hideIfDamaged>true</hideIfDamaged>
			</inscription>
		</emblemSlots>
	</hull>
	<chassis>
		<Pz_N_ketten>
			<blitz>
				<blitzPartName>chassis</blitzPartName>
				<bbox><min>-1.596735 -2.931122 -0.003971</min><max>1.596735 2.884274 1.599611</max></bbox>
				<points>
					<crash>0.000000 0.000000 0.000000</crash>
					<normal>0.000000 -0.006612 0.000831</normal>
				</points>
				<soundPC>tanks/pc/treads/mt</soundPC>
				<soundNPC>tanks/npc/treads/mt</soundNPC>
			</blitz>
			<userString>#other_vehicles:Chassis_Nameless</userString>
			<description>#germany_vehicles:PzIII-IV_descr</description>
			<tags/>
			<level>7</level>
			<price>0</price>
			<models>
				<undamaged>vehicles/other/Sega_Nameless/normal/lod0/Chassis.model</undamaged>
				<destroyed>vehicles/other/Sega_Nameless/crash/lod0/Chassis.model</destroyed>
				<exploded>vehicles/other/Sega_Nameless/crash/lod0/Chassis.model</exploded>
			</models>
			<traces>
				<lodDist>FAR</lodDist>
				<bufferPrefs>mediumTank</bufferPrefs>
				<textureSet>germany_01</textureSet>
				<size>0.44 0.54</size>
			</traces>
			<tracks>
				<lodDist>MEDIUM</lodDist>
				<leftMaterial>track_mat_L_skinned</leftMaterial>
				<rightMaterial>track_mat_R_skinned</rightMaterial>
				<textureScale>-1</textureScale>
			</tracks>
			<wheels>
				<lodDist>MEDIUM</lodDist>
				<group>
					<isLeft>true</isLeft>
					<template>W_L</template>
					<radius>0.333762</radius>
					<startIndex>0</startIndex>
					<count>6</count>
				</group>
				<group>
					<isLeft>false</isLeft>
					<template>W_R</template>
					<radius>0.333762</radius>
					<startIndex>0</startIndex>
					<count>6</count>
				</group>
				<wheel>
					<isLeft>true</isLeft>
					<name>WD_L0</name>
					<radius>0.437012</radius>
				</wheel>
				<group>
					<isLeft>true</isLeft>
					<template>WD_L</template>
					<radius>0.134333</radius>
					<startIndex>1</startIndex>
					<count>3</count>
				</group>
				<wheel>
					<isLeft>true</isLeft>
					<name>WD_L4</name>
					<radius>0.350316</radius>
				</wheel>
				<wheel>
					<isLeft>false</isLeft>
					<name>WD_R0</name>
					<radius>0.437012</radius>
				</wheel>
				<group>
					<isLeft>false</isLeft>
					<template>WD_R</template>
					<radius>0.134333</radius>
					<startIndex>1</startIndex>
					<count>3</count>
				</group>
				<wheel>
					<isLeft>false</isLeft>
					<name>WD_R4</name>
					<radius>0.350316</radius>
				</wheel>
			</wheels>
			<drivingWheels>WD_L0 WD_L4</drivingWheels>
			<effects>
				<lodDist>MEDIUM</lodDist>
				<dust>mediumTankDust</dust>
				<mud>mediumTankMud</mud>
			</effects>
			<sound>/vehicles/tanks/treads/treads_3</sound>
			<hullPosition>0.000000 0.000000 0.000000</hullPosition>
			<hitTester>
				<collisionModel>vehicles/other/Sega_Nameless/collision/Chassis.model</collisionModel>
			</hitTester>
			<armor>
				<leftTrack>25</leftTrack>
				<rightTrack>25</rightTrack>
			</armor>
			<topRightCarryingPoint>1.26896 1.76118</topRightCarryingPoint>
			<maxClimbAngle>25</maxClimbAngle>
			<navmeshGirth>6.0</navmeshGirth>
			<weight>12180</weight>
			<maxLoad>67800</maxLoad>
			<terrainResistance>1.1 1.4 1.8</terrainResistance>
			<brakeForce>36500</brakeForce>
			<rotationIsAroundCenter>false</rotationIsAroundCenter>
			<rotationSpeed>29</rotationSpeed>
			<shotDispersionFactors>
				<vehicleMovement>0.24</vehicleMovement>
				<vehicleRotation>0.24</vehicleRotation>
			</shotDispersionFactors>
			<bulkHealthFactor>3.0</bulkHealthFactor>
			<maxHealth>170</maxHealth>
			<maxRegenHealth>130</maxRegenHealth>
			<repairCost>5.0</repairCost>
			</Pz_N_ketten>
	</chassis>
	<turrets0>
		<Pz_N_turm>
			<blitz>
				<blitzPartName>turret_01</blitzPartName>
				<bbox><min>-0.990400 -1.725505 -0.175547</min><max>0.990400 1.415391 1.031837</max></bbox>
				<points>
					<crash>-0.000291 0.253975 -1.942828</crash>
					<normal>0.000391 0.254017 -1.949126</normal>
				</points>
			</blitz>
			<userString>#other_vehicles:Turret_Nameless</userString>
			<shortUserString>#other_vehicles:Turret_Nameless</shortUserString>
			<description>#germany_vehicles:PzIV_ausf_F_descr</description>
			<tags/>
			<level>7</level>
			<price>0</price>
			<models>
				<undamaged>vehicles/other/Sega_Nameless/normal/lod0/Turret_01.model</undamaged>
				<destroyed>vehicles/other/Sega_Nameless/crash/lod0/Turret_01.model</destroyed>
				<exploded>vehicles/other/Sega_Nameless/crash/lod0/Turret_01.model</exploded>
			</models>
			<hitTester>
				<collisionModel>vehicles/other/Sega_Nameless/collision/Turret_01.model</collisionModel>
			</hitTester>
			<yawLimits>-180 180</yawLimits>
			<gunPosition>0.000000 0.3310 1.3119</gunPosition>
			<armor>
				<armor_1>100</armor_1>
				<armor_2>120</armor_2>
				<armor_3>80</armor_3>
				<armor_4>80</armor_4>
				<armor_5>80</armor_5>
				<armor_6>25</armor_6>
				<armor_7>80</armor_7>
				<armor_8>25</armor_8>
				<armor_9>25</armor_9>
				<armor_10>0</armor_10>
				<armor_11>0</armor_11>
				<armor_12>25</armor_12>
				<armor_13>25</armor_13>
				<armor_14>80</armor_14>
			</armor>
			<primaryArmor>armor_2 armor_3 armor_7</primaryArmor>
			<weight>13750</weight>
			<maxHealth>270</maxHealth>
			<rotationSpeed>22</rotationSpeed>
			<turretRotatorHealth>
				<maxHealth>140</maxHealth>
				<maxRegenHealth>70</maxRegenHealth>
				<repairCost>1.0</repairCost>
				</turretRotatorHealth>
			<circularVisionRadius>240</circularVisionRadius>
			<surveyingDeviceHealth>
				<maxHealth>90</maxHealth>
				<maxRegenHealth>45</maxRegenHealth>
				<repairCost>2.0</repairCost>
				</surveyingDeviceHealth>
			<guns>
				<_105mm_KwK_N_L45>shared<blitz>
						<blitzPartName>gun_01</blitzPartName>
						<bbox><min>-0.382760 -0.700385 -0.288399</min><max>0.382545 2.942539 0.354971</max></bbox>
						<points>
							<crash>-0.000083 -1.049904 -2.276241</crash>
							<normal>0.000191 -1.085870 -2.266498</normal>
						</points>
					</blitz>
					<extraPitchLimits>
						<back>-20 6 20</back>
					</extraPitchLimits>					
					<models>
						<undamaged>vehicles/other/Sega_Nameless/normal/lod0/Gun_01.model</undamaged>
						<destroyed>vehicles/other/Sega_Nameless/crash/lod0/Gun_01.model</destroyed>
						<exploded>vehicles/other/Sega_Nameless/crash/lod0/Gun_01.model</exploded>
					</models>
					<hitTester>
						<collisionModel>vehicles/other/Sega_Nameless/collision/Gun_01.model</collisionModel>
					</hitTester>
					<armor>
						<armor_1>100<vehicleDamageFactor>0.0</vehicleDamageFactor>
						</armor_1>
						<armor_2>20<vehicleDamageFactor>0.0</vehicleDamageFactor>
						</armor_2>
						<gun>20</gun>
					</armor>
					<reloadTime>11</reloadTime>
					<aimingTime>2.9</aimingTime>
					<shotDispersionFactors>
						<turretRotation>0.12</turretRotation>
						<afterShot>4</afterShot>
						<whileGunDamaged>2.0</whileGunDamaged>
					</shotDispersionFactors>
					<effects/>
				</_105mm_KwK_N_L45>
			</guns>
			<emblemSlots>
				<player>
					<rayStart>1.01237 0.43856 0.568639</rayStart>
					<rayEnd>0.647924 0.275219 0.546246</rayEnd>
					<rayUp>0.000000 1 0.000000</rayUp>
					<size>0.32</size>
					<hideIfDamaged>false</hideIfDamaged>
				</player>
				<player>
					<rayStart>-1.01237 0.43856 0.568639</rayStart>
					<rayEnd>-0.647924 0.275219 0.546246</rayEnd>
					<rayUp>0.000000 1 0.000000</rayUp>
					<size>0.32</size>
					<hideIfDamaged>true</hideIfDamaged>
				</player>
			</emblemSlots>
			<showEmblemsOnGun>false</showEmblemsOnGun>
			<physicsShape>1.000 0.000 1.000 0.000 1.000 0.000 0.500 0.100 0.500 0.500 0.500 0.500 0.600 0.100 0.500</physicsShape>
		</Pz_N_turm>
	</turrets0>
	<engines>
		<SN-230TR>shared</SN-230TR>
	</engines>
	<fuelTanks>
		<Average>shared</Average>
	</fuelTanks>
	<radios>
		<FuG_N>shared</FuG_N>
	</radios>
</root>
